transaction_id,sender_age_days,receiver_age_days,tx_amount_normalized,time_to_transfer_out_mins,shared_device_count,is_mule
TXN0001,1588,1349,0.0024,3159,1,0
TXN0002,483,4,0.1421,2,6,1
TXN0003,1690,518,0.0247,1189,2,0
TXN0004,1805,583,0.0447,1901,0,0
TXN0005,1779,805,0.0201,5635,2,0
TXN0006,2040,0,0.0067,2574,1,0
TXN0007,1916,692,0.0498,3610,1,0
TXN0008,349,2,0.2177,5,1,1
TXN0009,1464,817,0.0158,789,2,0
TXN0010,669,1072,0.0417,2709,0,0
TXN0011,1714,1238,0.1116,2614,0,0
TXN0012,523,3,0.2542,3,3,1
TXN0013,1635,834,0.0044,2765,0,0
TXN0014,861,629,0.0064,3144,1,0
TXN0015,959,987,0.0026,2729,1,0
TXN0016,2026,660,0.0221,1615,1,0
TXN0017,1480,1229,0.0018,3366,1,0
TXN0018,1840,285,0.0441,930,2,0
TXN0019,1514,856,0.0057,829,0,0
TXN0020,1514,1120,0.0484,3619,1,0
TXN0021,1969,1073,0.0003,3387,2,0
TXN0022,1241,2077,0.0079,2822,0,0
TXN0023,1548,1139,0.0027,1484,0,0
TXN0024,1268,598,0.0482,2172,1,0
TXN0025,1282,961,0.067,2617,1,0
TXN0026,1345,289,0.0005,1284,2,0
TXN0027,1611,967,0.0293,2140,2,0
TXN0028,1260,666,0.0361,3532,1,0
TXN0029,2127,1366,0.0168,4307,1,0
TXN0030,1052,780,0.022,2460,4,0
TXN0031,1406,953,0.0204,3636,3,0
TXN0032,1280,745,0.0294,965,2,0
TXN0033,2223,1695,0.0035,3539,1,0
TXN0034,679,5,0.3277,8,5,1
TXN0035,446,1,0.2016,2,2,1
TXN0036,757,1325,0.0139,2632,1,0
TXN0037,1633,1192,0.0215,4200,2,0
TXN0038,1944,1147,0.0028,2005,1,0
TXN0039,1541,1157,0.0019,3507,0,0
TXN0040,2032,228,0.0105,2600,2,0
TXN0041,1241,888,0.0584,2721,1,0
TXN0042,2204,1338,0.0031,2696,1,0
TXN0043,2649,980,0.0143,2034,0,0
TXN0044,369,5,0.1686,5,3,1
TXN0045,1277,979,0.0047,2817,0,0
TXN0046,2226,1681,0.0201,3121,1,0
TXN0047,2289,1498,0.0263,2964,0,0
TXN0048,1238,0,0.005,3677,1,0
TXN0049,1289,1380,0.0499,3803,0,0
TXN0050,1359,853,0.0186,1829,0,0
TXN0051,641,4,0.7494,11,1,1
TXN0052,1040,630,0.0172,1693,2,0
TXN0053,690,8,0.0865,1,8,1
TXN0054,557,0,0.2975,37,3,1
TXN0055,1482,902,0.0056,968,0,0
TXN0056,572,3,0.2731,5,4,1
TXN0057,2275,1761,0.0137,2411,1,0
TXN0058,1000,1650,0.0239,2121,0,0
TXN0059,1992,1887,0.0153,4230,2,0
TXN0060,1393,936,0.0834,2226,0,0
TXN0061,1475,1118,0.0093,2073,2,0
TXN0062,1837,393,0.0015,2955,1,0
TXN0063,938,1590,0.0149,3565,1,0
TXN0064,1691,0,0.0074,2738,1,0
TXN0065,1583,1086,0.0021,4046,1,0
TXN0066,1746,561,0.0055,3410,2,0
TXN0067,1644,764,0.0081,701,2,0
TXN0068,2727,665,0.0388,2350,1,0
TXN0069,1181,756,0.0021,2318,0,0
TXN0070,585,0,1.0,5,0,1
TXN0071,1188,780,0.1157,255,0,0
TXN0072,1222,1333,0.0099,5429,1,0
TXN0073,1181,558,0.0096,3411,1,0
TXN0074,2094,1088,0.0252,3028,2,0
TXN0075,2210,1487,0.0206,4061,3,0
TXN0076,1214,794,0.0514,5223,0,0
TXN0077,1083,712,0.01,3750,4,0
TXN0078,1735,907,0.0248,3828,1,0
TXN0079,1223,1471,0.0252,3010,0,0
TXN0080,1816,1077,0.0083,2738,1,0
TXN0081,473,3,0.2269,6,4,1
TXN0082,742,1193,0.0118,2053,3,0
TXN0083,2273,559,0.0029,2192,0,0
TXN0084,2397,1272,0.0078,1529,1,0
TXN0085,1193,1163,0.0557,2804,0,0
TXN0086,1306,876,0.0349,1195,1,0
TXN0087,1642,664,0.0064,3070,1,0
TXN0088,1667,645,0.0117,2843,2,0
TXN0089,281,5,0.1575,4,5,1
TXN0090,2505,1491,0.019,2357,2,0
TXN0091,1411,745,0.0274,5956,0,0
TXN0092,1100,1183,0.0208,4240,0,0
TXN0093,810,165,0.015,1635,3,0
TXN0094,1134,766,0.01,3112,1,0
TXN0095,1483,987,0.0031,2271,0,0
TXN0096,2397,636,0.0245,1865,1,0
TXN0097,1241,625,0.0094,1539,0,0
TXN0098,1611,732,0.0017,3312,1,0
TXN0099,1491,1116,0.0066,2198,3,0
TXN0100,2094,925,0.0289,3847,2,0
TXN0101,2763,104,0.0011,3873,0,0
TXN0102,1234,151,0.0038,4253,0,0
TXN0103,1255,757,0.0138,2027,2,0
TXN0104,2022,1183,0.0508,3355,2,0
TXN0105,494,4,0.6516,3,5,1
TXN0106,2423,800,0.056,2405,2,0
TXN0107,1791,789,0.0148,2108,1,0
TXN0108,1320,1555,0.0095,4489,1,0
TXN0109,1795,845,0.0286,3107,1,0
TXN0110,2054,1153,0.0044,3515,1,0
TXN0111,1910,1056,0.004,2057,0,0
TXN0112,1753,147,0.0033,1660,1,0
TXN0113,412,2,0.2137,8,3,1
TXN0114,2084,1086,0.0048,2755,3,0
TXN0115,2191,1203,0.0336,1815,0,0
TXN0116,425,8,0.1515,1,2,1
TXN0117,1416,166,0.0373,1191,0,0
TXN0118,1573,1689,0.0035,1759,0,0
TXN0119,612,6,0.6306,3,4,1
TXN0120,1091,1114,0.0192,3483,1,0
TXN0121,1684,981,0.0075,2488,0,0
TXN0122,433,4,0.1794,68,7,1
TXN0123,1514,772,0.0025,1852,0,0
TXN0124,2139,1131,0.0034,2506,2,0
TXN0125,1595,393,0.0037,3524,1,0
TXN0126,1523,1300,0.0243,3808,2,0
TXN0127,820,833,0.017,2383,1,0
TXN0128,274,0,0.2256,4,1,1
TXN0129,1822,819,0.0935,3147,2,0
TXN0130,2581,1502,0.0402,2056,0,0
TXN0131,1346,785,0.0275,2361,1,0
TXN0132,1609,1143,0.0021,4205,1,0
TXN0133,1624,707,0.0127,3707,1,0
TXN0134,2288,1303,0.0163,3037,1,0
TXN0135,139,0,0.243,9,7,1
TXN0136,1639,1739,0.0689,3091,2,0
TXN0137,1803,929,0.0126,3942,2,0
TXN0138,1593,1267,0.003,2504,0,0
TXN0139,1276,1039,0.0039,4231,2,0
TXN0140,405,4,0.1526,7,3,1
TXN0141,104,10,0.0999,5,1,1
TXN0142,986,1298,0.0009,3185,1,0
TXN0143,1566,922,0.0062,3467,2,0
TXN0144,1149,974,0.0013,4294,1,0
TXN0145,2097,1036,0.0309,3327,1,0
TXN0146,738,1100,0.0011,2378,2,0
TXN0147,1220,953,0.0024,2431,0,0
TXN0148,1688,1085,0.012,3118,1,0
TXN0149,2282,1631,0.0376,1589,2,0
TXN0150,1467,1394,0.0111,2736,1,0
TXN0151,254,7,0.2532,5,3,1
TXN0152,2440,817,0.0144,688,0,0
TXN0153,775,644,0.0072,4414,0,0
TXN0154,400,1382,0.0385,4002,1,0
TXN0155,1028,5,0.4835,9,5,1
TXN0156,1248,1589,0.0067,3423,1,0
TXN0157,989,758,0.0268,2883,0,0
TXN0158,1854,908,0.0159,4109,1,0
TXN0159,1621,344,0.0488,3862,1,0
TXN0160,1217,843,0.0257,1479,1,0
TXN0161,859,1398,0.0211,3467,0,0
TXN0162,1936,813,0.047,2674,0,0
TXN0163,1825,1256,0.0121,2962,2,0
TXN0164,1450,923,0.0051,2151,0,0
TXN0165,2423,1129,0.0147,4628,1,0
TXN0166,964,540,0.0081,3920,2,0
TXN0167,737,1034,0.0224,2140,0,0
TXN0168,1154,0,0.0127,1545,2,0
TXN0169,1477,925,0.0182,2494,1,0
TXN0170,1621,347,0.0031,3314,0,0
TXN0171,1379,1482,0.0203,3120,0,0
TXN0172,1676,1310,0.0028,4133,0,0
TXN0173,874,1186,0.0323,3669,2,0
TXN0174,2221,1608,0.0324,3849,0,0
TXN0175,1458,620,0.0172,3206,1,0
TXN0176,2058,1698,0.0165,1490,1,0
TXN0177,1671,1372,0.0094,2684,1,0
TXN0178,1728,905,0.0062,3940,0,0
TXN0179,711,8,0.2719,1,5,1
TXN0180,1723,557,0.091,3383,0,0
TXN0181,1821,670,0.0152,2561,1,0
TXN0182,2164,756,0.0026,1850,0,0
TXN0183,604,5,0.4436,3,4,1
TXN0184,629,7,0.2801,2,7,1
TXN0185,1455,0,0.0079,2224,2,0
TXN0186,2220,896,0.0441,2644,3,0
TXN0187,1161,1141,0.0038,1940,0,0
TXN0188,2400,771,0.0516,3999,0,0
TXN0189,1479,271,0.0144,2585,2,0
TXN0190,784,1108,0.0198,4332,0,0
TXN0191,1564,235,0.0192,4408,2,0
TXN0192,0,1,0.3849,9,3,1
TXN0193,631,6,0.1577,8,3,1
TXN0194,1173,1794,0.0005,794,2,0
TXN0195,1276,1364,0.0063,1407,1,0
TXN0196,555,1042,0.0045,1506,1,0
TXN0197,1273,1505,0.0165,4258,1,0
TXN0198,689,9,0.1447,1,2,1
TXN0199,345,6,0.1036,2,3,1
TXN0200,1880,1079,0.0724,659,1,0
TXN0201,1892,1105,0.0059,1682,0,0
TXN0202,1712,1508,0.0006,3767,1,0
TXN0203,1016,1292,0.0135,3166,1,0
TXN0204,672,1,0.3326,4,0,1
TXN0205,1498,338,0.0161,3444,0,0
TXN0206,920,615,0.0081,4515,1,0
TXN0207,2251,950,0.0153,2658,1,0
TXN0208,1938,1037,0.0788,2949,1,0
TXN0209,1389,547,0.0045,3072,1,0
TXN0210,1513,1964,0.0123,5272,0,0
TXN0211,1604,1606,0.024,780,0,0
TXN0212,479,1240,0.0156,3563,0,0
TXN0213,1376,1028,0.0091,2765,0,0
TXN0214,1159,915,0.0075,3446,1,0
TXN0215,999,619,0.0088,2222,0,0
TXN0216,1359,1030,0.0208,2831,0,0
TXN0217,2398,1103,0.0196,3591,1,0
TXN0218,1820,503,0.1019,5992,0,0
TXN0219,1214,1133,0.002,3688,0,0
TXN0220,1786,937,0.0726,2031,1,0
TXN0221,2199,236,0.0096,2456,1,0
TXN0222,1962,655,0.0108,2426,1,0
TXN0223,1529,834,0.0291,1084,2,0
TXN0224,1176,1755,0.0289,2549,1,0
TXN0225,1849,1222,0.0395,3612,0,0
TXN0226,1696,465,0.0492,1605,0,0
TXN0227,500,0,0.257,13,3,1
TXN0228,1817,381,0.0499,3367,1,0
TXN0229,631,3,0.274,1,6,1
TXN0230,1232,811,0.0086,2738,1,0
TXN0231,2158,962,0.0098,4478,1,0
TXN0232,1598,1530,0.0067,3613,1,0
TXN0233,2537,485,0.0127,2888,2,0
TXN0234,1155,441,0.0302,2642,1,0
TXN0235,2367,766,0.0235,2956,0,0
TXN0236,1598,1415,0.0061,2368,2,0
TXN0237,1174,392,0.0056,775,0,0
TXN0238,1258,0,0.0046,4922,1,0
TXN0239,1339,819,0.0131,3035,1,0
TXN0240,1712,1220,0.0019,3278,1,0
TXN0241,511,11,0.2927,1,7,1
TXN0242,555,0,0.2961,1,8,1
TXN0243,772,0,0.3651,8,7,1
TXN0244,2571,1461,0.0103,1280,1,0
TXN0245,2363,252,0.0338,5157,1,0
TXN0246,536,4,0.3402,12,3,1
TXN0247,1519,1076,0.0071,1848,0,0
TXN0248,747,4,0.4586,5,6,1
TXN0249,541,9,0.3815,1,6,1
TXN0250,401,7,0.2226,1,7,1
TXN0251,1371,4,0.0376,1643,0,0
TXN0252,665,736,0.0224,4134,1,0
TXN0253,595,1,0.2032,5,1,1
TXN0254,1823,607,0.0073,3418,1,0
TXN0255,1258,1023,0.004,3595,0,0
TXN0256,2286,1178,0.0136,5274,1,0
TXN0257,578,6,0.0942,2,2,1
TXN0258,767,1068,0.0057,2193,1,0
TXN0259,1612,614,0.0044,4503,0,0
TXN0260,2023,917,0.0092,3263,1,0
TXN0261,2341,1244,0.0128,3379,2,0
TXN0262,418,7,0.1792,46,2,1
TXN0263,2039,765,0.0578,2709,1,0
TXN0264,1480,1089,0.0277,2067,2,0
TXN0265,335,7,0.2621,59,6,1
TXN0266,1941,180,0.0168,3951,3,0
TXN0267,1826,1463,0.0055,805,0,0
TXN0268,711,865,0.0078,2857,2,0
TXN0269,2238,1170,0.0197,4001,1,0
TXN0270,2190,1478,0.0239,2693,0,0
TXN0271,1187,451,0.0063,3609,0,0
TXN0272,1697,716,0.0035,3231,0,0
TXN0273,368,6,0.3407,2,4,1
TXN0274,439,5,0.3705,9,2,1
TXN0275,1224,1693,0.006,1663,1,0
TXN0276,1164,657,0.0279,1758,1,0
TXN0277,1487,777,0.0232,3589,1,0
TXN0278,2086,1081,0.0059,2899,0,0
TXN0279,1771,519,0.0384,2741,1,0
TXN0280,1314,841,0.0396,2456,1,0
TXN0281,670,7,0.335,2,6,1
TXN0282,75,866,0.0693,3926,0,0
TXN0283,2074,962,0.0044,2544,0,0
TXN0284,630,788,0.0311,1538,1,0
TXN0285,1318,394,0.0297,3623,1,0
TXN0286,940,1128,0.0082,2675,0,0
TXN0287,852,1701,0.0192,2911,0,0
TXN0288,2080,1007,0.0012,4487,3,0
TXN0289,1266,1090,0.0012,2859,0,0
TXN0290,1673,1277,0.0016,3169,0,0
TXN0291,1476,492,0.0179,1701,0,0
TXN0292,1738,1681,0.0188,2660,3,0
TXN0293,1538,1080,0.0089,3489,0,0
TXN0294,858,1652,0.0699,1324,0,0
TXN0295,1998,706,0.0332,3080,1,0
TXN0296,1253,1727,0.0018,2980,1,0
TXN0297,721,1310,0.0099,2921,3,0
TXN0298,1285,1221,0.0042,3917,2,0
TXN0299,2250,1093,0.0184,3214,3,0
TXN0300,1925,900,0.0115,4358,1,0
TXN0301,1325,1480,0.0045,1886,0,0
TXN0302,1325,1056,0.0681,3015,1,0
TXN0303,1339,213,0.0127,2964,2,0
TXN0304,2538,553,0.0076,1810,1,0
TXN0305,1690,925,0.0091,3836,2,0
TXN0306,255,4,0.4223,1,7,1
TXN0307,2015,977,0.0307,2862,0,0
TXN0308,1619,1487,0.01,3385,0,0
TXN0309,1370,219,0.004,2964,2,0
TXN0310,1401,1057,0.0048,2166,0,0
TXN0311,1464,272,0.0071,1059,1,0
TXN0312,1481,1303,0.0203,2174,0,0
TXN0313,1863,962,0.0262,1488,1,0
TXN0314,272,5,0.4705,2,3,1
TXN0315,1866,654,0.0274,2764,1,0
TXN0316,1459,1511,0.0044,2534,2,0
TXN0317,1539,1416,0.0061,3769,3,0
TXN0318,500,1233,0.0022,1758,1,0
TXN0319,1958,948,0.0022,2113,1,0
TXN0320,1673,1231,0.0043,2948,1,0
TXN0321,1999,717,0.0116,3908,0,0
TXN0322,51,1342,0.004,3381,2,0
TXN0323,2544,1659,0.0558,3128,1,0
TXN0324,1430,1428,0.0042,2958,1,0
TXN0325,262,4,0.1279,6,3,1
TXN0326,980,1144,0.0466,3081,1,0
TXN0327,1806,482,0.0131,1850,2,0
TXN0328,973,1228,0.0081,2926,0,0
TXN0329,1188,1180,0.0139,1806,1,0
TXN0330,2457,252,0.0065,2961,0,0
TXN0331,1404,535,0.0039,2399,1,0
TXN0332,1608,886,0.0226,5419,1,0
TXN0333,1935,879,0.0063,2840,2,0
TXN0334,1747,516,0.0315,1475,2,0
TXN0335,1575,1155,0.0273,2745,1,0
TXN0336,1682,1100,0.0142,3399,1,0
TXN0337,454,4,0.3728,14,1,1
TXN0338,1471,697,0.0066,2290,0,0
TXN0339,1600,1419,0.0269,1297,0,0
TXN0340,2025,1662,0.0268,3696,1,0
TXN0341,2052,806,0.0086,1499,1,0
TXN0342,2093,755,0.0075,2443,1,0
TXN0343,1819,1196,0.0168,2622,3,0
TXN0344,928,856,0.0897,2810,1,0
TXN0345,2316,944,0.0093,3569,0,0
TXN0346,926,1295,0.0073,2196,0,0
TXN0347,1651,236,0.0403,2606,1,0
TXN0348,1122,1527,0.0128,2865,1,0
TXN0349,1467,1029,0.0293,3029,0,0
TXN0350,1664,835,0.0545,2977,0,0
TXN0351,1660,964,0.0012,3316,0,0
TXN0352,503,5,0.3434,14,1,1
TXN0353,2306,307,0.0093,3272,0,0
TXN0354,1726,1597,0.0041,3333,1,0
TXN0355,1377,1016,0.0011,1297,1,0
TXN0356,1982,1177,0.0018,2930,1,0
TXN0357,2094,1380,0.0133,3359,2,0
TXN0358,886,591,0.0067,3608,1,0
TXN0359,252,7,0.904,2,8,1
TXN0360,1850,892,0.0132,2220,2,0
TXN0361,1351,1338,0.0056,2305,1,0
TXN0362,2187,149,0.0452,3416,2,0
TXN0363,1424,960,0.0061,3913,0,0
TXN0364,1562,758,0.0562,2472,2,0
TXN0365,455,0,0.4781,4,2,1
TXN0366,1507,1188,0.0059,3003,0,0
TXN0367,179,6,0.2894,57,0,1
TXN0368,334,4,0.2166,13,2,1
TXN0369,2297,955,0.0246,3626,1,0
TXN0370,1076,641,0.0052,3205,1,0
TXN0371,1004,1336,0.0135,5155,0,0
TXN0372,423,852,0.0005,2027,0,0
TXN0373,1180,0,0.0026,3398,3,0
TXN0374,838,850,0.0052,2350,0,0
TXN0375,2321,584,0.0051,2010,0,0
TXN0376,2004,347,0.0418,2869,3,0
TXN0377,1155,505,0.0011,3017,1,0
TXN0378,2626,1043,0.0023,5798,0,0
TXN0379,1990,1531,0.0191,2695,1,0
TXN0380,1337,1125,0.0152,1749,0,0
TXN0381,250,757,0.0082,3153,2,0
TXN0382,2645,1182,0.0977,805,1,0
TXN0383,805,816,0.0227,2788,3,0
TXN0384,728,0,0.1934,25,6,1
TXN0385,2011,538,0.0113,3674,0,0
TXN0386,2719,299,0.0066,3853,1,0
TXN0387,2192,844,0.0067,2376,1,0
TXN0388,1781,1063,0.0312,2729,0,0
TXN0389,1797,961,0.0266,2113,2,0
TXN0390,1926,833,0.0094,1751,1,0
TXN0391,697,0,0.3381,23,3,1
TXN0392,1640,1243,0.0324,1606,1,0
TXN0393,1552,473,0.0065,2465,2,0
TXN0394,1468,1310,0.0082,1884,0,0
TXN0395,1123,599,0.019,3429,1,0
TXN0396,917,6,0.1806,7,6,1
TXN0397,178,4,0.246,7,4,1
TXN0398,1450,799,0.0034,1026,0,0
TXN0399,1005,1390,0.0317,2755,1,0
TXN0400,948,1206,0.1075,2895,1,0
TXN0401,1589,1391,0.0056,3098,2,0
TXN0402,428,3,0.269,10,4,1
TXN0403,1959,558,0.0098,2679,0,0
TXN0404,714,867,0.009,3247,1,0
TXN0405,1005,687,0.0237,3920,4,0
TXN0406,806,6,0.6282,1,2,1
TXN0407,1008,521,0.0087,2511,2,0
TXN0408,1387,1357,0.0131,3093,2,0
TXN0409,414,3,0.282,13,3,1
TXN0410,1015,1731,0.0282,4611,2,0
TXN0411,1552,836,0.063,2244,0,0
TXN0412,592,5,0.1964,9,6,1
TXN0413,904,8,0.2453,1,5,1
TXN0414,1659,752,0.0077,2288,2,0
TXN0415,703,385,0.003,1033,1,0
TXN0416,1720,247,0.0028,2451,1,0
TXN0417,1490,1285,0.0024,3909,1,0
TXN0418,1776,246,0.0097,2543,1,0
TXN0419,1611,851,0.0077,2033,1,0
TXN0420,2182,1174,0.0176,3805,0,0
TXN0421,1562,1074,0.0065,2549,3,0
TXN0422,1285,1170,0.003,2369,3,0
TXN0423,1561,1088,0.0117,3029,3,0
TXN0424,1771,1511,0.0037,3650,1,0
TXN0425,1524,619,0.0204,5261,0,0
TXN0426,1520,0,0.0017,3707,0,0
TXN0427,1149,690,0.0007,4039,1,0
TXN0428,571,0,0.2058,1,5,1
TXN0429,798,1360,0.0076,1854,0,0
TXN0430,2374,1180,0.0088,2942,0,0
TXN0431,878,1473,0.0138,2987,0,0
TXN0432,1153,528,0.0065,1801,2,0
TXN0433,1140,1666,0.0047,2704,1,0
TXN0434,1947,1609,0.0523,3279,0,0
TXN0435,1352,1294,0.0399,3240,2,0
TXN0436,2123,1712,0.0332,3384,1,0
TXN0437,1163,337,0.0165,3170,3,0
TXN0438,1639,790,0.0179,2372,3,0
TXN0439,1082,705,0.0049,2366,3,0
TXN0440,2572,1288,0.0139,1681,2,0
TXN0441,906,579,0.0042,4664,2,0
TXN0442,370,7,0.2602,1,0,1
TXN0443,1816,1548,0.0018,2655,4,0
TXN0444,1706,1278,0.0182,1951,1,0
TXN0445,1407,1113,0.0142,5815,0,0
TXN0446,764,6,0.2626,7,1,1
TXN0447,783,10,0.177,6,1,1
TXN0448,1426,1499,0.0013,3295,1,0
TXN0449,1981,1311,0.0156,3480,0,0
TXN0450,2605,984,0.0085,3837,2,0
TXN0451,1221,832,0.0302,4687,1,0
TXN0452,815,189,0.0139,3386,1,0
TXN0453,1455,571,0.0249,1823,0,0
TXN0454,678,6,0.4027,25,5,1
TXN0455,1098,487,0.0144,3187,0,0
TXN0456,2319,1075,0.0313,4948,0,0
TXN0457,2338,1402,0.0097,1482,1,0
TXN0458,1223,498,0.0195,4082,1,0
TXN0459,1784,1073,0.0074,3059,0,0
TXN0460,2314,1375,0.0104,3717,2,0
TXN0461,1310,1004,0.0615,2778,2,0
TXN0462,1398,2147,0.0233,2037,1,0
TXN0463,1209,332,0.0066,3630,0,0
TXN0464,992,1423,0.0186,3534,0,0
TXN0465,823,5,0.3057,2,2,1
TXN0466,888,1308,0.0094,2866,0,0
TXN0467,1517,1176,0.0041,2280,1,0
TXN0468,233,11,0.1759,1,6,1
TXN0469,1616,1091,0.0097,3699,0,0
TXN0470,684,4,0.2669,3,1,1
TXN0471,1665,1241,0.0267,1914,1,0
TXN0472,802,5,0.5165,1,6,1
TXN0473,503,1255,0.0075,2413,0,0
TXN0474,497,1,0.2847,19,1,1
TXN0475,2113,1147,0.0046,2062,0,0
TXN0476,572,8,0.1068,1,4,1
TXN0477,2336,647,0.0124,2467,0,0
TXN0478,1709,715,0.0152,2141,0,0
TXN0479,0,4,0.3338,1,3,1
TXN0480,1472,1574,0.0018,4902,1,0
TXN0481,1779,904,0.0028,4132,0,0
TXN0482,1538,1018,0.0032,2100,0,0
TXN0483,1769,638,0.0131,3152,1,0
TXN0484,1039,1469,0.0088,3297,0,0
TXN0485,1584,1266,0.0006,4071,2,0
TXN0486,738,6,0.4321,8,2,1
TXN0487,1444,648,0.001,3972,3,0
TXN0488,1048,848,0.0123,2332,1,0
TXN0489,399,1,0.4177,5,6,1
TXN0490,483,7,0.3078,13,3,1
TXN0491,2045,913,0.0232,4170,5,0
TXN0492,1804,650,0.0039,5467,0,0
TXN0493,953,1352,0.0143,1680,2,0
TXN0494,1341,1288,0.0007,3578,1,0
TXN0495,2106,633,0.0401,2470,0,0
TXN0496,1570,1542,0.0119,3663,1,0
TXN0497,2659,1468,0.0018,1409,0,0
TXN0498,1696,1053,0.023,1617,0,0
TXN0499,633,4,0.4857,2,4,1
TXN0500,592,6,0.326,20,2,1
TXN0501,1566,655,0.0095,2238,1,0
TXN0502,1423,1012,0.0068,3539,1,0
TXN0503,1854,139,0.0051,3906,2,0
TXN0504,1978,1350,0.0045,3479,2,0
TXN0505,1107,375,0.0059,4498,0,0
TXN0506,834,1601,0.0063,3295,2,0
TXN0507,656,3,0.4569,8,4,1
TXN0508,1753,915,0.0075,4243,3,0
TXN0509,380,9,0.2545,1,6,1
TXN0510,423,884,0.024,3790,0,0
TXN0511,1694,1567,0.002,4453,2,0
TXN0512,2746,4,0.0063,3336,1,0
TXN0513,517,0,0.1909,17,2,1
TXN0514,338,4,0.5812,6,6,1
TXN0515,1540,517,0.0169,4202,4,0
TXN0516,1450,569,0.0153,2710,0,0
TXN0517,1959,1670,0.009,2959,0,0
TXN0518,1354,621,0.0114,3638,1,0
TXN0519,630,2,0.1517,15,5,1
TXN0520,1660,1454,0.029,3158,2,0
TXN0521,1165,1135,0.0078,2671,2,0
TXN0522,1996,624,0.0106,2567,1,0
TXN0523,423,2,0.1933,5,1,1
TXN0524,1122,589,0.0084,3433,0,0
TXN0525,1768,1440,0.0111,2622,1,0
TXN0526,1050,1424,0.0081,3962,3,0
TXN0527,1514,1212,0.0108,2750,1,0
TXN0528,1495,1144,0.0084,2028,0,0
TXN0529,2042,1704,0.0067,2121,1,0
TXN0530,677,3,0.2278,9,3,1
TXN0531,1487,527,0.0099,2607,1,0
TXN0532,859,0,0.2629,36,3,1
TXN0533,546,6,0.2974,2,4,1
TXN0534,1778,594,0.0019,3068,0,0
TXN0535,1505,855,0.0075,2223,1,0
TXN0536,584,8,0.5692,1,5,1
TXN0537,967,978,0.0019,1369,1,0
TXN0538,1347,607,0.0159,2659,2,0
TXN0539,1195,1448,0.0108,2686,1,0
TXN0540,1406,1928,0.0948,3420,0,0
TXN0541,587,4,0.589,7,6,1
TXN0542,1764,638,0.0051,1681,1,0
TXN0543,1464,380,0.0046,3964,1,0
TXN0544,1743,1103,0.0073,3090,1,0
TXN0545,1532,1441,0.0221,3078,1,0
TXN0546,512,1190,0.0248,2870,0,0
TXN0547,1030,999,0.235,2362,1,0
TXN0548,1427,764,0.0031,3097,1,0
TXN0549,895,563,0.0131,3355,1,0
TXN0550,1799,1333,0.0057,1133,2,0
TXN0551,2265,1365,0.0172,2341,1,0
TXN0552,485,1,0.418,17,8,1
TXN0553,1393,1635,0.0292,3136,1,0
TXN0554,2245,1229,0.0031,4073,2,0
TXN0555,678,6,0.3787,3,2,1
TXN0556,1331,463,0.0008,2382,0,0
TXN0557,1193,453,0.0004,2367,1,0
TXN0558,1348,940,0.0091,2078,2,0
TXN0559,1305,1201,0.0225,2532,1,0
TXN0560,1585,1718,0.0172,3650,0,0
TXN0561,1580,1282,0.0843,1826,1,0
TXN0562,1501,902,0.0134,3307,1,0
TXN0563,1718,589,0.0106,1178,0,0
TXN0564,2095,1492,0.0394,2318,1,0
TXN0565,1974,614,0.008,2550,0,0
TXN0566,757,1651,0.0179,4554,0,0
TXN0567,223,886,0.0191,2605,1,0
TXN0568,1967,1636,0.0041,678,0,0
TXN0569,638,2,0.1438,3,2,1
TXN0570,1387,945,0.1116,2914,0,0
TXN0571,914,792,0.0387,3493,1,0
TXN0572,599,863,0.0047,3255,0,0
TXN0573,1770,1171,0.1303,3047,0,0
TXN0574,1879,1030,0.0245,4042,1,0
TXN0575,742,6,0.2573,5,3,1
TXN0576,552,7,0.1164,6,1,1
TXN0577,1226,1031,0.0243,1247,1,0
TXN0578,528,4,0.3302,5,5,1
TXN0579,760,1183,0.0122,1072,4,0
TXN0580,1591,608,0.0103,2605,1,0
TXN0581,1492,538,0.0327,2833,1,0
TXN0582,229,2,0.0979,2,4,1
TXN0583,1559,282,0.0102,2941,4,0
TXN0584,1013,457,0.002,1952,0,0
TXN0585,2098,716,0.0124,2689,0,0
TXN0586,1420,1781,0.0054,1382,0,0
TXN0587,1486,789,0.0071,4243,3,0
TXN0588,1033,1071,0.0104,2576,0,0
TXN0589,1278,1160,0.0037,2391,1,0
TXN0590,1057,1052,0.0018,4468,0,0
TXN0591,1413,969,0.0162,1637,0,0
TXN0592,2355,521,0.0123,1754,1,0
TXN0593,814,1580,0.0118,1783,0,0
TXN0594,693,1722,0.0203,2812,0,0
TXN0595,723,7,0.2628,14,4,1
TXN0596,1395,590,0.0169,3619,1,0
TXN0597,1165,888,0.0474,5451,1,0
TXN0598,2019,614,0.0091,630,2,0
TXN0599,1197,1202,0.0837,3488,1,0
TXN0600,2413,708,0.0126,2322,1,0
TXN0601,1838,1866,0.0047,2293,1,0
TXN0602,1256,1476,0.0288,2260,0,0
TXN0603,2578,1085,0.0106,1971,1,0
TXN0604,1197,1410,0.0355,4564,0,0
TXN0605,1871,1442,0.0184,3722,2,0
TXN0606,1649,774,0.0084,2903,1,0
TXN0607,2150,673,0.0571,4231,1,0
TXN0608,2280,1031,0.0069,1367,0,0
TXN0609,1516,1344,0.0007,1549,3,0
TXN0610,1123,1055,0.0298,702,2,0
TXN0611,1729,369,0.0172,2180,2,0
TXN0612,1161,678,0.0449,3041,1,0
TXN0613,2506,970,0.0045,2982,1,0
TXN0614,1568,969,0.0091,3029,1,0
TXN0615,483,7,0.1878,26,7,1
TXN0616,210,0,0.3628,3,4,1
TXN0617,826,1202,0.0235,3119,0,0
TXN0618,1014,1595,0.0149,3613,0,0
TXN0619,2100,1908,0.015,987,1,0
TXN0620,1171,838,0.0033,3191,0,0
TXN0621,976,1196,0.0265,1692,0,0
TXN0622,1768,1227,0.0271,2482,0,0
TXN0623,2092,1078,0.1242,3414,2,0
TXN0624,1859,960,0.0195,2971,3,0
TXN0625,1998,1174,0.0231,2028,1,0
TXN0626,1121,0,0.0196,2886,1,0
TXN0627,789,1272,0.0056,1348,2,0
TXN0628,2250,1050,0.0434,4030,2,0
TXN0629,1338,911,0.0112,2674,0,0
TXN0630,1374,1818,0.0097,3998,2,0
TXN0631,2164,730,0.0103,2353,1,0
TXN0632,807,4,0.7176,1,4,1
TXN0633,1727,1796,0.007,2115,0,0
TXN0634,2582,667,0.0149,3756,0,0
TXN0635,1178,779,0.0107,2170,1,0
TXN0636,1963,941,0.0098,3524,2,0
TXN0637,1528,1336,0.0199,2497,0,0
TXN0638,1634,1083,0.0129,904,0,0
TXN0639,2264,482,0.0065,2309,1,0
TXN0640,1753,787,0.0052,1700,0,0
TXN0641,1769,757,0.0132,2913,2,0
TXN0642,2036,969,0.0053,1689,1,0
TXN0643,1317,1170,0.0048,3805,2,0
TXN0644,1080,1167,0.0049,2788,1,0
TXN0645,977,289,0.0156,2702,0,0
TXN0646,602,1,0.16,12,6,1
TXN0647,2528,1101,0.0172,3843,0,0
TXN0648,948,1553,0.03,2859,0,0
TXN0649,1389,1177,0.0111,2108,1,0
TXN0650,1361,1440,0.0138,1106,1,0
TXN0651,1653,1186,0.0653,2193,0,0
TXN0652,1907,1538,0.0282,2262,3,0
TXN0653,1930,1208,0.0315,2987,0,0
TXN0654,1208,960,0.009,2534,2,0
TXN0655,1416,1908,0.0118,3567,1,0
TXN0656,1641,1355,0.0182,2267,5,0
TXN0657,1375,1229,0.0062,2822,1,0
TXN0658,2303,489,0.0005,4063,1,0
TXN0659,1745,484,0.0181,3221,1,0
TXN0660,1867,1117,0.0323,2819,2,0
TXN0661,1831,1058,0.0126,2278,1,0
TXN0662,776,5,0.4811,3,1,1
TXN0663,1590,1056,0.0084,2029,1,0
TXN0664,851,1635,0.0009,2338,1,0
TXN0665,1699,1278,0.0083,3635,1,0
TXN0666,1174,543,0.0034,2658,1,0
TXN0667,1235,955,0.0056,1530,1,0
TXN0668,1793,678,0.0032,4648,0,0
TXN0669,2119,844,0.0028,3199,0,0
TXN0670,1510,834,0.0039,1473,1,0
TXN0671,1654,808,0.0231,2438,2,0
TXN0672,333,3,0.251,4,8,1
TXN0673,1620,948,0.0034,4584,0,0
TXN0674,2800,775,0.0261,1771,0,0
TXN0675,1782,0,0.0137,3856,0,0
TXN0676,797,5,0.1857,1,7,1
TXN0677,1876,1435,0.0335,2251,1,0
TXN0678,1690,849,0.0129,2602,1,0
TXN0679,599,0,0.1973,10,7,1
TXN0680,594,6,0.4417,2,6,1
TXN0681,1430,1678,0.0622,2843,0,0
TXN0682,887,1758,0.0079,3539,0,0
TXN0683,1395,1062,0.0002,3970,1,0
TXN0684,1074,1409,0.0045,2131,1,0
TXN0685,673,0,0.1711,6,4,1
TXN0686,1794,465,0.0141,2858,2,0
TXN0687,2334,835,0.0105,3173,1,0
TXN0688,1697,1052,0.004,3129,0,0
TXN0689,902,818,0.0121,2553,1,0
TXN0690,1722,912,0.0117,3004,1,0
TXN0691,2098,963,0.0116,4395,1,0
TXN0692,1195,967,0.0209,3261,1,0
TXN0693,1432,1020,0.0144,2506,0,0
TXN0694,1507,575,0.0091,2379,2,0
TXN0695,1107,713,0.0039,2710,0,0
TXN0696,1824,486,0.0485,4516,0,0
TXN0697,1439,1391,0.0909,2696,1,0
TXN0698,1709,157,0.0716,2860,2,0
TXN0699,1056,1461,0.0247,2397,1,0
TXN0700,1281,1554,0.0016,3978,1,0
TXN0701,1861,879,0.0014,4839,2,0
TXN0702,1313,0,0.0066,3330,1,0
TXN0703,2363,855,0.0112,2962,2,0
TXN0704,1300,974,0.0108,2916,0,0
TXN0705,1612,595,0.0146,495,0,0
TXN0706,671,0,0.2498,36,3,1
TXN0707,790,1612,0.0623,3014,1,0
TXN0708,619,1265,0.0562,3308,1,0
TXN0709,737,630,0.0027,2168,0,0
TXN0710,2131,360,0.0012,2495,1,0
TXN0711,1224,869,0.0108,2468,0,0
TXN0712,2779,914,0.0439,3901,0,0
TXN0713,1217,1198,0.0115,2501,0,0
TXN0714,1592,785,0.0157,4962,2,0
TXN0715,2271,1204,0.0074,3310,2,0
TXN0716,662,10,0.2807,1,4,1
TXN0717,2530,1326,0.0318,2751,0,0
TXN0718,444,8,0.1627,1,3,1
TXN0719,2012,926,0.0217,685,0,0
TXN0720,1796,857,0.0017,4479,1,0
TXN0721,614,2,0.3059,16,0,1
TXN0722,1224,749,0.0017,3413,1,0
TXN0723,1090,1018,0.0141,3045,0,0
TXN0724,1498,1020,0.0101,1497,1,0
TXN0725,1414,799,0.0106,2396,0,0
TXN0726,1273,451,0.0294,3721,2,0
TXN0727,1848,1129,0.0055,1828,2,0
TXN0728,1977,975,0.0075,348,0,0
TXN0729,1544,1200,0.0033,2652,1,0
TXN0730,2238,786,0.0381,2738,0,0
TXN0731,929,1488,0.0158,3015,2,0
TXN0732,1403,649,0.0232,3608,0,0
TXN0733,1141,1684,0.0277,3517,0,0
TXN0734,566,300,0.0919,3138,1,0
TXN0735,1458,1173,0.077,4075,2,0
TXN0736,565,2,0.2471,8,3,1
TXN0737,2256,681,0.0141,3384,3,0
TXN0738,1815,1169,0.0067,3506,1,0
TXN0739,987,1511,0.0259,1640,0,0
TXN0740,2427,113,0.0249,1377,1,0
TXN0741,2110,1201,0.0054,2134,1,0
TXN0742,1791,2,0.0252,2218,2,0
TXN0743,1386,613,0.0339,3633,0,0
TXN0744,1020,1651,0.0034,2265,1,0
TXN0745,1313,767,0.0146,2023,3,0
TXN0746,596,8,0.2147,6,4,1
TXN0747,2442,920,0.0118,3998,1,0
TXN0748,2271,1827,0.0042,2893,0,0
TXN0749,911,4,0.2455,2,1,1
TXN0750,940,579,0.0052,2769,0,0
TXN0751,1570,1598,0.0044,4172,1,0
TXN0752,314,7,0.6443,10,2,1
TXN0753,1661,958,0.0176,4195,2,0
TXN0754,1426,504,0.0166,3090,0,0
TXN0755,1266,1838,0.0024,2719,2,0
TXN0756,702,1637,0.0034,5380,3,0
TXN0757,1756,1271,0.0061,1824,0,0
TXN0758,1233,675,0.0122,2526,1,0
TXN0759,250,4,0.2489,8,3,1
TXN0760,63,935,0.0165,3832,1,0
TXN0761,1486,1132,0.0328,4569,0,0
TXN0762,2386,1580,0.0039,4549,2,0
TXN0763,2330,1351,0.0041,4103,0,0
TXN0764,1271,569,0.0137,2682,2,0
TXN0765,1198,1550,0.0109,2514,2,0
TXN0766,1734,1125,0.0259,1208,1,0
TXN0767,1000,1274,0.012,4915,0,0
TXN0768,387,4,0.1001,44,5,1
TXN0769,1883,555,0.0019,2388,0,0
TXN0770,2113,985,0.0286,4208,1,0
TXN0771,1449,787,0.0147,1907,4,0
TXN0772,1398,372,0.0024,3286,1,0
TXN0773,1061,1138,0.0009,2707,1,0
TXN0774,1086,2004,0.0034,3518,0,0
TXN0775,1386,263,0.0416,2816,1,0
TXN0776,1683,987,0.0371,1429,2,0
TXN0777,1956,1256,0.0104,2955,2,0
TXN0778,1098,1049,0.0081,3928,0,0
TXN0779,2246,954,0.0046,2850,1,0
TXN0780,1364,480,0.0098,3655,0,0
TXN0781,1489,1093,0.0071,1834,3,0
TXN0782,1126,697,0.0691,2853,1,0
TXN0783,287,124,0.0029,2255,1,0
TXN0784,1942,1477,0.018,3626,1,0
TXN0785,1868,1383,0.0725,2911,0,0
TXN0786,418,3,0.3295,7,6,1
TXN0787,1533,1091,0.0034,3967,0,0
TXN0788,1757,1429,0.002,3571,1,0
TXN0789,718,1089,0.0159,3153,0,0
TXN0790,453,5,0.1572,10,6,1
TXN0791,1897,881,0.0426,2877,1,0
TXN0792,872,1524,0.0211,2346,1,0
TXN0793,1646,1128,0.0071,2535,1,0
TXN0794,821,1077,0.0065,2505,3,0
TXN0795,1733,0,0.0027,1900,0,0
TXN0796,277,4,0.313,2,7,1
TXN0797,792,1,0.7736,15,2,1
TXN0798,2082,744,0.0307,3073,3,0
TXN0799,1132,673,0.0221,1531,0,0
TXN0800,851,7,0.0775,4,2,1
TXN0801,1600,1849,0.0026,4780,2,0
TXN0802,2074,1532,0.0102,3903,1,0
TXN0803,992,1768,0.0078,4523,0,0
TXN0804,1530,510,0.0133,3271,0,0
TXN0805,1714,1028,0.0207,4047,0,0
TXN0806,1846,482,0.0068,2156,1,0
TXN0807,236,8,0.4005,1,3,1
TXN0808,459,7,0.354,12,2,1
TXN0809,1086,1495,0.0034,4066,0,0
TXN0810,1543,841,0.0053,4420,0,0
TXN0811,747,3,0.0816,30,2,1
TXN0812,39,1241,0.0303,2626,2,0
TXN0813,1718,1921,0.0041,2126,1,0
TXN0814,511,0,0.1629,25,1,1
TXN0815,669,4,0.2995,3,2,1
TXN0816,995,1458,0.0588,1137,0,0
TXN0817,1809,610,0.0412,3289,0,0
TXN0818,2528,1402,0.0023,2603,0,0
TXN0819,1510,1134,0.0017,2993,0,0
TXN0820,1135,909,0.0252,3338,1,0
TXN0821,1408,670,0.0079,2691,3,0
TXN0822,2187,712,0.0039,2776,0,0
TXN0823,1177,1819,0.0766,2666,1,0
TXN0824,1100,1000,0.0031,3850,0,0
TXN0825,1258,1312,0.0054,3298,1,0
TXN0826,463,4,0.2045,15,4,1
TXN0827,1561,688,0.0,1609,1,0
TXN0828,2312,1432,0.0131,2501,1,0
TXN0829,1661,460,0.0044,3778,1,0
TXN0830,1373,0,0.0277,2917,0,0
TXN0831,1354,1013,0.0317,3539,1,0
TXN0832,718,1044,0.0152,4646,3,0
TXN0833,1941,0,0.0154,3918,1,0
TXN0834,1461,1158,0.0142,2973,1,0
TXN0835,1409,1277,0.0055,2369,1,0
TXN0836,3096,1293,0.0061,326,1,0
TXN0837,353,8,0.1681,16,6,1
TXN0838,1124,886,0.0256,2553,0,0
TXN0839,1286,1477,0.0148,3270,2,0
TXN0840,2074,1357,0.0223,2726,1,0
TXN0841,1556,450,0.0112,2559,3,0
TXN0842,780,1140,0.0145,1100,0,0
TXN0843,1959,208,0.0222,1940,1,0
TXN0844,782,7,0.3906,13,2,1
TXN0845,2436,1759,0.0305,4595,0,0
TXN0846,2040,620,0.0284,2782,0,0
TXN0847,1276,666,0.0051,3207,1,0
TXN0848,639,2,0.3586,1,3,1
TXN0849,1533,382,0.0007,2069,2,0
TXN0850,1926,746,0.0173,3246,3,0
TXN0851,1742,1238,0.0124,2139,0,0
TXN0852,1076,746,0.0085,3744,1,0
TXN0853,1178,905,0.0122,3031,0,0
TXN0854,562,7,0.4412,27,3,1
TXN0855,1332,1168,0.0014,2097,1,0
TXN0856,1298,1106,0.0337,3587,3,0
TXN0857,1022,864,0.0077,4964,2,0
TXN0858,1711,1148,0.0342,1872,1,0
TXN0859,2531,950,0.0233,2540,0,0
TXN0860,966,1183,0.0075,3111,0,0
TXN0861,1512,801,0.0109,3666,0,0
TXN0862,2206,926,0.0117,2320,0,0
TXN0863,1460,604,0.0623,46,0,0
TXN0864,1726,985,0.0033,4239,0,0
TXN0865,968,675,0.0074,3640,1,0
TXN0866,1714,554,0.0019,1137,1,0
TXN0867,1406,1103,0.0136,2272,3,0
TXN0868,1992,1085,0.0061,4448,0,0
TXN0869,503,0,0.1451,27,8,1
TXN0870,680,4,0.0982,4,6,1
TXN0871,1789,1163,0.0048,2703,1,0
TXN0872,1662,1220,0.01,2962,1,0
TXN0873,1597,1177,0.0073,2749,0,0
TXN0874,1323,669,0.0078,4008,2,0
TXN0875,1669,1059,0.2013,2004,1,0
TXN0876,1352,1145,0.0015,2074,0,0
TXN0877,1584,1002,0.0233,3890,1,0
TXN0878,2158,165,0.1424,2835,2,0
TXN0879,996,1064,0.0365,4258,1,0
TXN0880,2069,1885,0.0125,2208,1,0
TXN0881,2158,855,0.0032,2825,0,0
TXN0882,1440,708,0.0459,1957,0,0
TXN0883,439,1149,0.0315,2887,1,0
TXN0884,1196,1124,0.002,1401,0,0
TXN0885,2148,1477,0.0084,2392,2,0
TXN0886,1488,496,0.0031,1443,1,0
TXN0887,1000,1292,0.0,3573,1,0
TXN0888,1247,1236,0.003,3596,1,0
TXN0889,1920,943,0.0133,1149,0,0
TXN0890,1773,1135,0.0219,4213,1,0
TXN0891,1380,1411,0.0084,5377,2,0
TXN0892,616,0,0.3811,8,3,1
TXN0893,1304,542,0.0347,2238,0,0
TXN0894,1038,1328,0.0104,5704,2,0
TXN0895,2307,974,0.0091,1561,1,0
TXN0896,1338,1029,0.0178,2900,0,0
TXN0897,2108,1029,0.0117,3059,0,0
TXN0898,187,8,0.118,6,5,1
TXN0899,1999,1476,0.0087,3239,1,0
TXN0900,1284,966,0.0239,2381,2,0
TXN0901,1701,552,0.0463,1928,0,0
TXN0902,1487,842,0.0323,2538,3,0
TXN0903,1048,1071,0.0169,1873,1,0
TXN0904,1662,1491,0.0535,2927,0,0
TXN0905,910,1241,0.0186,2315,1,0
TXN0906,563,6,0.2471,1,4,1
TXN0907,1267,1994,0.0547,4135,0,0
TXN0908,1600,1105,0.0252,2382,0,0
TXN0909,1641,1510,0.0457,1611,1,0
TXN0910,1370,939,0.0031,2711,1,0
TXN0911,1793,1213,0.0046,2948,0,0
TXN0912,1262,1335,0.0049,1133,0,0
TXN0913,1935,1487,0.0144,3211,1,0
TXN0914,827,1422,0.0776,1832,1,0
TXN0915,1563,1348,0.0033,4591,0,0
TXN0916,2469,873,0.0305,3403,2,0
TXN0917,999,771,0.0031,2480,2,0
TXN0918,237,8,0.3561,38,1,1
TXN0919,1756,1373,0.0018,2775,1,0
TXN0920,1589,910,0.0258,3492,0,0
TXN0921,577,2,0.2606,5,5,1
TXN0922,1744,1581,0.0228,2662,0,0
TXN0923,902,6,0.3669,2,2,1
TXN0924,2054,665,0.0037,2276,0,0
TXN0925,1704,943,0.0444,2536,2,0
TXN0926,1379,1123,0.0353,794,3,0
TXN0927,1836,790,0.0348,3853,1,0
TXN0928,2449,1540,0.0394,3178,1,0
TXN0929,1433,1169,0.002,2106,0,0
TXN0930,1012,1015,0.0019,4778,0,0
TXN0931,2053,425,0.0057,2967,1,0
TXN0932,1439,473,0.0071,1843,0,0
TXN0933,599,6,0.1913,10,5,1
TXN0934,1923,146,0.016,3278,3,0
TXN0935,1232,1405,0.0378,3274,1,0
TXN0936,1454,936,0.0087,2454,1,0
TXN0937,1665,2297,0.0049,3330,1,0
TXN0938,677,8,0.4546,1,5,1
TXN0939,1854,927,0.0088,3435,1,0
TXN0940,1282,957,0.0133,975,1,0
TXN0941,1756,1398,0.0083,2446,0,0
TXN0942,1370,1681,0.017,4602,0,0
TXN0943,1869,344,0.0039,2112,1,0
TXN0944,1807,285,0.0254,2276,2,0
TXN0945,1032,751,0.0115,2432,1,0
TXN0946,2042,1233,0.0052,1665,1,0
TXN0947,1232,1198,0.0208,671,2,0
TXN0948,768,3,0.2961,37,3,1
TXN0949,351,9,0.1298,20,4,1
TXN0950,2419,73,0.0031,2827,1,0
TXN0951,1388,1343,0.0016,2735,0,0
TXN0952,1325,668,0.0208,2923,1,0
TXN0953,1490,192,0.0398,3902,3,0
TXN0954,324,6,0.2835,1,4,1
TXN0955,1899,1317,0.005,2305,1,0
TXN0956,691,951,0.0013,2598,0,0
TXN0957,973,816,0.0007,3459,0,0
TXN0958,966,936,0.0254,4292,0,0
TXN0959,1975,851,0.001,2251,0,0
TXN0960,2355,460,0.0033,2978,1,0
TXN0961,1447,714,0.0161,3218,0,0
TXN0962,1415,1208,0.0131,1887,1,0
TXN0963,1535,1128,0.0168,2900,0,0
TXN0964,2080,1067,0.012,1414,3,0
TXN0965,1036,601,0.0081,1110,0,0
TXN0966,1619,927,0.0033,3246,1,0
TXN0967,1987,129,0.006,2496,3,0
TXN0968,1750,1071,0.0087,3082,1,0
TXN0969,1594,1571,0.0012,2862,2,0
TXN0970,2000,410,0.005,1903,0,0
TXN0971,148,765,0.008,2834,0,0
TXN0972,814,4,0.1094,2,4,1
TXN0973,1172,1501,0.0082,4270,2,0
TXN0974,584,820,0.0239,1524,2,0
TXN0975,1755,723,0.0272,2684,1,0
TXN0976,2186,212,0.0566,1837,1,0
TXN0977,1431,1041,0.0021,3450,1,0
TXN0978,1976,1816,0.0076,2548,0,0
TXN0979,2306,1110,0.0424,2361,1,0
TXN0980,2157,991,0.0015,3733,2,0
TXN0981,2319,1128,0.0032,2909,1,0
TXN0982,1871,995,0.0061,3396,0,0
TXN0983,1537,674,0.0969,1898,2,0
TXN0984,699,1329,0.004,1475,1,0
TXN0985,1376,1090,0.0366,2987,1,0
TXN0986,1078,1007,0.0116,2561,2,0
TXN0987,2585,609,0.0033,3506,2,0
TXN0988,1412,1521,0.207,2800,1,0
TXN0989,1561,1265,0.0146,3085,0,0
TXN0990,1775,778,0.0177,1256,1,0
TXN0991,1521,1400,0.0208,4768,2,0
TXN0992,2347,800,0.0192,2715,2,0
TXN0993,1188,687,0.108,3577,1,0
TXN0994,1597,696,0.0747,2043,1,0
TXN0995,1128,291,0.0043,3188,1,0
TXN0996,839,1188,0.0944,1577,1,0
TXN0997,448,4,0.1933,13,2,1
TXN0998,1481,508,0.0167,2524,1,0
TXN0999,487,1,0.3776,16,5,1
TXN1000,1153,965,0.0349,3577,1,0
